{"acc": 0.8737143278121948, "prec0": 0.8870875835418701, "prec1": 0.5979381203651428, "rec0": 0.9784937500953674, "rec1": 0.20432813465595245, "auroc": 0.8334821526625444, "auprc": 0.45486492543393015, "minpse": 0.4544539506794162}