{"acc": 0.7862392663955688, "prec0": 0.8189537525177002, "prec1": 0.6486716270446777, "rec0": 0.9074260592460632, "rec1": 0.46005427837371826, "auroc": 0.792958168074641, "auprc": 0.5940890152038769, "minpse": 0.5901416943020802}