{"acc": 0.8723968863487244, "prec0": 0.8831833004951477, "prec1": 0.5645355582237244, "rec0": 0.983018159866333, "rec1": 0.14480197429656982, "auroc": 0.8250551161170308, "auprc": 0.427777419391303, "minpse": 0.4677170219338894}