{"acc": 0.6035116314888, "prec0": 0.7371675968170166, "prec1": 0.48864930868148804, "rec0": 0.5533523559570312, "rec1": 0.6838805675506592, "auroc": 0.6881343494728281, "auprc": 0.6253013697042152, "minpse": 0.5689545261368466}