{"n_iters": 10000, "AUC of ROC": {"value": 0.8485334289995776, "mean": 0.8484126125931645, "median": 0.8485996576899298, "std": 0.010169788254806888, "2.5% percentile": 0.8275049071749977, "97.5% percentile": 0.8678827568735672}, "AUC of PRC": {"value": 0.48233028943306633, "mean": 0.4831659385103935, "median": 0.48303271628113054, "std": 0.028189741875045818, "2.5% percentile": 0.4272304459838141, "97.5% percentile": 0.5381383389121239}, "min(+P, Se)": {"value": 0.46684350132625996, "mean": 0.47141420776219867, "median": 0.4715447154471545, "std": 0.022904306207408128, "2.5% percentile": 0.4257696147766037, "97.5% percentile": 0.5158165334260225}}