{"n_iters": 10000, "AUC of ROC": {"value": 0.8598928612802087, "mean": 0.8598758497148894, "median": 0.8600956088157886, "std": 0.009499060945766736, "2.5% percentile": 0.8411705471007438, "97.5% percentile": 0.8781507664925567}, "AUC of PRC": {"value": 0.5192039911553818, "mean": 0.5190758935235442, "median": 0.5196955233889695, "std": 0.026055253456478175, "2.5% percentile": 0.46706581964982086, "97.5% percentile": 0.5684961731992673}, "min(+P, Se)": {"value": 0.48128342245989303, "mean": 0.48310733324586363, "median": 0.4832904884318766, "std": 0.02243314914408363, "2.5% percentile": 0.43820224719101125, "97.5% percentile": 0.525886088012311}}