{"n_iters": 10000, "AUC of ROC": {"value": 0.8520625231224566, "mean": 0.851994403085846, "median": 0.8521508533020403, "std": 0.009978554219682743, "2.5% percentile": 0.8318327637734352, "97.5% percentile": 0.8710023694902397}, "AUC of PRC": {"value": 0.487215081244672, "mean": 0.4876163602755445, "median": 0.48767376517403066, "std": 0.027005753847682595, "2.5% percentile": 0.43375157059806524, "97.5% percentile": 0.5400936342106492}, "min(+P, Se)": {"value": 0.4666666666666667, "mean": 0.46398545110773665, "median": 0.4642857142857143, "std": 0.022603084418975974, "2.5% percentile": 0.41818181818181815, "97.5% percentile": 0.506821804647072}}