{"n_iters": 10000, "AUC of ROC": {"value": 0.8574147879086838, "mean": 0.8574392534672739, "median": 0.8576042428060806, "std": 0.0094947635939188, "2.5% percentile": 0.8383498897136623, "97.5% percentile": 0.8756705981133133}, "AUC of PRC": {"value": 0.5137592813485251, "mean": 0.5140281415993513, "median": 0.5141655638556487, "std": 0.026347873079304827, "2.5% percentile": 0.4609384367268379, "97.5% percentile": 0.5650138370516915}, "min(+P, Se)": {"value": 0.4789473684210526, "mean": 0.4796626125876457, "median": 0.4797687861271676, "std": 0.02253666367027177, "2.5% percentile": 0.43420960489458943, "97.5% percentile": 0.5231966639780203}}