{"n_iters": 10000, "AUC of ROC": {"value": 0.7853261296719508, "mean": 0.7853141394894224, "median": 0.7853430574482496, "std": 0.006560660529273359, "2.5% percentile": 0.7723216687337059, "97.5% percentile": 0.7980868993639059}, "AUC of PRC": {"value": 0.7126836374588981, "mean": 0.7127860644603167, "median": 0.7129193218321926, "std": 0.010634197975967487, "2.5% percentile": 0.6917056609329736, "97.5% percentile": 0.7332218240290677}, "min(+P, Se)": {"value": 0.6518119490695397, "mean": 0.6514553968905032, "median": 0.6515301085883515, "std": 0.008640472447633362, "2.5% percentile": 0.6344030802481153, "97.5% percentile": 0.6680974876750959}}