{"n_iters": 10000, "AUC of ROC": {"value": 0.7891676793509147, "mean": 0.7892349048064301, "median": 0.7893228309218384, "std": 0.006504602507796131, "2.5% percentile": 0.7763366481719772, "97.5% percentile": 0.8018266199334211}, "AUC of PRC": {"value": 0.7166283490326372, "mean": 0.7168859592473115, "median": 0.7169850771954692, "std": 0.010578617115684972, "2.5% percentile": 0.695805741324334, "97.5% percentile": 0.7372454640528683}, "min(+P, Se)": {"value": 0.6576885406464251, "mean": 0.6584358388409657, "median": 0.658477250240256, "std": 0.008654647055178, "2.5% percentile": 0.6414264777723497, "97.5% percentile": 0.6750837206155238}}