{"n_iters": 10000, "AUC of ROC": {"value": 0.7658158607513814, "mean": 0.7658440792943162, "median": 0.7658736645957482, "std": 0.006759857306997774, "2.5% percentile": 0.7526477927021222, "97.5% percentile": 0.7790331132072419}, "AUC of PRC": {"value": 0.6665688856499037, "mean": 0.6670256354701579, "median": 0.6670670325890513, "std": 0.011941934562423456, "2.5% percentile": 0.6435151000654401, "97.5% percentile": 0.6905871169713946}, "min(+P, Se)": {"value": 0.6350293542074364, "mean": 0.6352955631225814, "median": 0.6354523423931884, "std": 0.00887244302186077, "2.5% percentile": 0.6177929097938737, "97.5% percentile": 0.6526164036951791}}