{"n_iters": 10000, "AUC of ROC": {"value": 0.7903547115512509, "mean": 0.790298180684303, "median": 0.7902933565476594, "std": 0.006519500274398229, "2.5% percentile": 0.7776368054072657, "97.5% percentile": 0.803104889051896}, "AUC of PRC": {"value": 0.7193089654741814, "mean": 0.7193263311805393, "median": 0.7194798695816172, "std": 0.010782362155847441, "2.5% percentile": 0.6978825156489088, "97.5% percentile": 0.7399949245685141}, "min(+P, Se)": {"value": 0.6557296767874633, "mean": 0.655416454879351, "median": 0.6555744673620296, "std": 0.008785065384158082, "2.5% percentile": 0.6377473363774734, "97.5% percentile": 0.6722734356994602}}