{"n_iters": 10000, "AUC of ROC": {"value": 0.8266728181521028, "mean": 0.8266013492157108, "median": 0.8267605022584311, "std": 0.007851915251279184, "2.5% percentile": 0.8110634930087575, "97.5% percentile": 0.8418719139384618}, "AUC of PRC": {"value": 0.40623420255664006, "mean": 0.40693989347191684, "median": 0.40678072678026483, "std": 0.018530587034836496, "2.5% percentile": 0.3707559642945308, "97.5% percentile": 0.44351918831005455}, "min(+P, Se)": {"value": 0.44248985115020295, "mean": 0.44375373176771993, "median": 0.44396857422352654, "std": 0.01751591880245265, "2.5% percentile": 0.409637703355796, "97.5% percentile": 0.47790082983869175}}