{"n_iters": 10000, "AUC of ROC": {"value": 0.8258842786109075, "mean": 0.8257302000718151, "median": 0.8257995852487985, "std": 0.00808104728251358, "2.5% percentile": 0.8100276922264178, "97.5% percentile": 0.8415110924608629}, "AUC of PRC": {"value": 0.4087097108846834, "mean": 0.4092199966699794, "median": 0.408979302541644, "std": 0.018955753639770083, "2.5% percentile": 0.3719242556393358, "97.5% percentile": 0.4463751273326404}, "min(+P, Se)": {"value": 0.4411764705882353, "mean": 0.4386589013359898, "median": 0.4388586956521739, "std": 0.016804592811081504, "2.5% percentile": 0.4049580779426405, "97.5% percentile": 0.4710551619433198}}