{"n_iters": 10000, "AUC of ROC": {"value": 0.8074083096436142, "mean": 0.807397841219911, "median": 0.8074462412539585, "std": 0.008675950612544331, "2.5% percentile": 0.790126840906817, "97.5% percentile": 0.8240735953719786}, "AUC of PRC": {"value": 0.3658533143924515, "mean": 0.3670396704342774, "median": 0.3666344218469798, "std": 0.017163874082352423, "2.5% percentile": 0.3345972649286109, "97.5% percentile": 0.40104872084868975}, "min(+P, Se)": {"value": 0.413012729844413, "mean": 0.4168835332352345, "median": 0.4165554072096128, "std": 0.016815080928011036, "2.5% percentile": 0.3841986756181672, "97.5% percentile": 0.4500016212710765}}