{"acc": 0.8649274706840515, "prec0": 0.864940345287323, "prec1": 0.8333333134651184, "rec0": 0.9999212026596069, "rec1": 0.00251635629683733, "auroc": 0.6044897236162994, "auprc": 0.19670160928636304, "minpse": 0.23301459486663312}